site	brand	banner_key	phash	src	landing_url	width	height	first_seen_ts_utc	last_seen_ts_utc	first_seen_date	last_seen_date	days_seen	times_seen	screenshot_path	notes	is_ad	ad_score	ad_reason	ad_id
news.mn	Facebook	news.mn:000eba54d259f00d	b54a075872731f9c	https://news.mn/wp-content/uploads/2025/10/News.mn-banner-copy-scaled.jpg	https://www.facebook.com/share/p/1BtjnPoPei/	970	142	2025-10-10T07:18:15+00:00	2025-10-13T01:06:48+00:00	2025-10-10	2025-10-13	2	14	C:\Scraper\banner_screenshots\2025-10-10\news_1760080649_5_027cd764.png	video_poster	1	9	large,std_size,ad_host/path,external_click,ad_word	000eba54d259f00d
news.mn	khanbank	news.mn:fb108df0dfb12701	90961aea7d3bc685	https://news.mn/wp-content/uploads/2025/09/2.-News-copy.jpg	https://www.khanbank.com/personal/news/intelligence/7657/	299	249	2025-10-10T07:18:15+00:00	2025-10-27T06:08:49+00:00	2025-10-10	2025-10-27	10	36	C:\Scraper\banner_screenshots\2025-10-10\news_1760080650_19_a319ba97.png	video_poster	1	6	large,std_size,external_click,ad_word	fb108df0dfb12701
news.mn	tdbm	news.mn:cfbac7875430079f	cb8a798794b4a5e1	https://news.mn/wp-content/uploads/2025/09/britto-News.mn-300x245-1.jpg	https://www.tdbm.mn/mn/news/brittobeleg	299	244	2025-10-10T07:18:15+00:00	2025-11-19T04:27:01+00:00	2025-10-10	2025-11-19	22	58	C:\Scraper\banner_screenshots\2025-10-10\news_1760080651_62_d480f558.png	video_poster	1	6	large,std_size,external_click,ad_word	cfbac7875430079f
news.mn	koreanair	news.mn:c91d416d34f4ef8c	8ffcf001670f981e	https://news.mn/wp-content/uploads/2025/04/250429_SELCXA-ULNSM-웹-배너_1920x280px.jpg	https://www.koreanair.com/	970	141	2025-10-10T07:18:15+00:00	2025-11-19T04:21:17+00:00	2025-10-10	2025-11-19	22	56	C:\Scraper\banner_screenshots\2025-10-10\news_1760080659_6_5d66d2ef.png	video_poster	1	6	large,std_size,external_click,ad_word	c91d416d34f4ef8c
news.mn	golomtbank	news.mn:adcb22788cc42717	d4606ebf50e00f9d	https://news.mn/wp-content/uploads/2025/09/300-250-1.png	https://www.golomtbank.com/%D1%85%D0%B0%D0%B4%D0%B3%D0%B0%D0%BB%D0%B0%D0%BC%D0%B6%D1%82%D0%B0%D0%B9-%D0%B0%D1%8F%D0%BB%D0%B0%D0%BB-1-3	299	249	2025-10-10T07:18:15+00:00	2025-10-27T06:08:49+00:00	2025-10-10	2025-10-27	10	34	C:\Scraper\banner_screenshots\2025-10-10\news_1760080659_20_882d8764.png	video_poster	1	6	large,std_size,external_click,ad_word	adcb22788cc42717
news.mn	mn	news.mn:ec884f0f30459f17	e42963362cc93b5e	https://news.mn/wp-content/uploads/2025/10/news-APT.jpg	https://news.mn/#	299	244	2025-10-10T07:18:15+00:00	2025-10-27T06:08:49+00:00	2025-10-10	2025-10-27	10	37	C:\Scraper\banner_screenshots\2025-10-10\news_1760080660_63_a5e6d8af.png	video_poster	1	4	large,std_size,ad_word	ec884f0f30459f17
news.mn	khanbank	news.mn:c8433cc435c72e1a	82a563ce7d16781b	https://news.mn/wp-content/uploads/2025/10/2.-News-copy.jpg	https://www.khanbank.com/personal/news/intelligence/7719/?fbclid=IwZXh0bgNhZW0CMTAAYnJpZBExUVIxWXpUS1BzN0ZKazV2VgEez-kHbFeNbjSn0eGOkDsapuYRMlsOBPPLT9ZyNtn-whQeUttGL-SjQF3q6lA_aem_KpzcYpYpcIqXK05RXNLZcw	299	249	2025-10-10T07:18:15+00:00	2025-11-12T05:47:59+00:00	2025-10-10	2025-11-12	18	50	C:\Scraper\banner_screenshots\2025-10-10\news_1760080676_21_3e6134cc.png	video_poster	1	6	large,std_size,external_click,ad_word	c8433cc435c72e1a
bolor-toli.com	banner	bolor-toli.com:2e2260f37b2a8884	8aa98e3e2997319b	https://banner.bolor.net/files/39/176000355613.png	https://banner.bolor.net/pub/jump?t=9d7e5e05b41a98fae00c9c5dd2374b6c	1600	579	2025-10-10T07:18:45+00:00	2025-10-27T06:09:06+00:00	2025-10-10	2025-10-27	10	29	C:\Scraper\banner_screenshots\2025-10-10\bolortoli_1760080692_0_768ad86f.png	onpage	1	6	large,ad_host/path,external_click	2e2260f37b2a8884
bolor-toli.com	banner	bolor-toli.com:6a6c12659c196190	ad374a62e18d9d86	https://banner.bolor.net/files/37/175946518913.png	https://banner.bolor.net/pub/jump?t=2b2e518b872b6c6503324cb4eb3ff3b1	1600	579	2025-10-10T07:18:46+00:00	2025-10-17T03:48:52+00:00	2025-10-10	2025-10-17	5	17	C:\Scraper\banner_screenshots\2025-10-10\bolortoli_1760080700_0_56ee9faf.png	onpage	1	6	large,ad_host/path,external_click	6a6c12659c196190
gogo.mn	gogo	gogo.mn:d18061e430912938	cdb6b1bb6841e4c8	https://edge.boost.mn/67e3d390bbe407d318e482f1/creative_converted/2b62cea9-f6f6-473f-a714-9558d3c805ed/68e61b64d45433074edd6424_compressed.webp	https://gogo.mn	1100	483	2025-10-10T07:19:17+00:00	2025-10-23T04:14:46+00:00	2025-10-10	2025-10-23	8	18	C:\Scraper\banner_screenshots\2025-10-10\gogo_1760080650_26_05c3810b.png	onpage	1	4	large,ad_host/path	d18061e430912938
gogo.mn	gogo	gogo.mn:73a6643142684fe9	c1f37e948183856f	https://exchange.boost.mn/ad/web/7dbe8f1f-2042-4ec2-a583-ae72994d07d4?config=eyJvZmZzZXQiOjIsImFzcGVjdFJhdGlvIjoiYXV0byIsImxheW91dCI6ImNhcm91c2VsIiwibG9hZE1vZGUiOiJsYXp5IiwidmVydGljYWxTbGlkZXNUb1Nob3ciOjMsInNob3dJbmRpY2F0b3JEb3RzIjp0cnVlLCJzaG93RHluYW1pY1N0YXRlT25seSI6ZmFsc2UsInZpZXdwb3J0RnJhY3Rpb24iOjEsInNsaWRlU3BhY2luZyI6MCwic2xpZGVJbWdCb3JkZXJSYWRpdXMiOjAsImR5bmFtaWNTdGF0ZUR1cmF0aW9uIjo1LCJsYXp5TG9hZFNwaW5uZXJDb2xvciI6IiMxRDRCOEYiLCJpbmRpY2F0b3JEb3RTaXplIjo4LCJpbmRpY2F0b3JEb3RDb2xvciI6IiMxRDRCOEYiLCJlbmxhcmdlRmFjdG9yIjoxZS0xMCwiZW5sYXJnZUNlbnRlckl0ZW0iOnRydWUsInNob3dWaWRlb0NvbnRyb2xzIjp0cnVlLCJhdXRvc3RhcnQiOnRydWV9	https://gogo.mn	263	270	2025-10-10T07:19:17+00:00	2025-11-19T04:27:52+00:00	2025-10-10	2025-11-19	22	58	C:\Scraper\banner_screenshots\2025-10-10\gogo_1760080651_35_020787f6.png	iframe	1	9	iframe,large,std_size,ad_host/path,ad_word	73a6643142684fe9
gogo.mn	gogo	gogo.mn:f714603e366b85e3	b3cc33cc33cc338c	https://exchange.boost.mn/ad/web/0dd86156-4bad-4edb-b3d3-899fccc948ff?config=eyJvZmZzZXQiOjcsImFzcGVjdFJhdGlvIjoiYXV0byIsImxheW91dCI6ImNhcm91c2VsIiwibG9hZE1vZGUiOiJsYXp5IiwidmVydGljYWxTbGlkZXNUb1Nob3ciOjMsInNob3dJbmRpY2F0b3JEb3RzIjp0cnVlLCJzaG93RHluYW1pY1N0YXRlT25seSI6ZmFsc2UsInZpZXdwb3J0RnJhY3Rpb24iOjEsInNsaWRlU3BhY2luZyI6MCwic2xpZGVJbWdCb3JkZXJSYWRpdXMiOjAsImR5bmFtaWNTdGF0ZUR1cmF0aW9uIjo1LCJsYXp5TG9hZFNwaW5uZXJDb2xvciI6IiMxRDRCOEYiLCJpbmRpY2F0b3JEb3RTaXplIjo4LCJpbmRpY2F0b3JEb3RDb2xvciI6IiMxRDRCOEYiLCJlbmxhcmdlRmFjdG9yIjoxZS0xMCwiZW5sYXJnZUNlbnRlckl0ZW0iOnRydWUsInNob3dWaWRlb0NvbnRyb2xzIjp0cnVlLCJhdXRvc3RhcnQiOnRydWV9	https://gogo.mn	690	245	2025-10-10T07:19:17+00:00	2025-10-27T06:10:34+00:00	2025-10-10	2025-10-27	10	31	C:\Scraper\banner_screenshots\2025-10-10\gogo_1760080653_140_e2d53d38.png	iframe	1	7	iframe,large,ad_host/path,ad_word	f714603e366b85e3
gogo.mn	gogo	gogo.mn:605d399a27522e55	8000000000000000	https://exchange.boost.mn/ad/web/e0118a9c-8eb3-4dbd-8adb-661ecb6eccd7?config=eyJvZmZzZXQiOjgsImFzcGVjdFJhdGlvIjoiYXV0byIsImxheW91dCI6ImNhcm91c2VsIiwibG9hZE1vZGUiOiJsYXp5IiwidmVydGljYWxTbGlkZXNUb1Nob3ciOjMsInNob3dJbmRpY2F0b3JEb3RzIjp0cnVlLCJzaG93RHluYW1pY1N0YXRlT25seSI6ZmFsc2UsInZpZXdwb3J0RnJhY3Rpb24iOjEsInNsaWRlU3BhY2luZyI6MCwic2xpZGVJbWdCb3JkZXJSYWRpdXMiOjAsImR5bmFtaWNTdGF0ZUR1cmF0aW9uIjo1LCJsYXp5TG9hZFNwaW5uZXJDb2xvciI6IiMxRDRCOEYiLCJpbmRpY2F0b3JEb3RTaXplIjo4LCJpbmRpY2F0b3JEb3RDb2xvciI6IiMxRDRCOEYiLCJlbmxhcmdlRmFjdG9yIjoxZS0xMCwiZW5sYXJnZUNlbnRlckl0ZW0iOnRydWUsInNob3dWaWRlb0NvbnRyb2xzIjp0cnVlLCJhdXRvc3RhcnQiOnRydWV9	https://gogo.mn	690	134	2025-10-10T07:19:17+00:00	2025-11-19T04:27:52+00:00	2025-10-10	2025-11-19	11	75	C:\Scraper\banner_screenshots\2025-10-10\gogo_1760080654_155_b1382d91.png	iframe	1	8	iframe,large,ad_host/path,ad_word,wide_ratio	605d399a27522e55
caak.mn	golomtbank	caak.mn:27de3c31e9c12b6f	d80766f807b2d46d	https://graph.caak.mn/rails/active_storage/blobs/redirect/eyJfcmFpbHMiOnsibWVzc2FnZSI6IkJBaHBBM3hFQlE9PSIsImV4cCI6bnVsbCwicHVyIjoiYmxvYl9pZCJ9fQ==--e11378bd567468b48585649a5262a9ca87dcba0b/1900%20300%20caak,%20caaknews.png	https://golomtbank.com/news/48459	1680	265	2025-10-10T07:22:04+00:00	2025-11-18T03:11:33+00:00	2025-10-10	2025-11-18	19	42	C:\Scraper\banner_screenshots\2025-10-10\caak_1760080740_0_2ff69028.png	onpage	1	3	large,external_click	27de3c31e9c12b6f
caak.mn	khanbank	caak.mn:0e841d05e5671e2a	85a57047cf38477a	https://graph.caak.mn/rails/active_storage/blobs/redirect/eyJfcmFpbHMiOnsibWVzc2FnZSI6IkJBaHBBelJiQlE9PSIsImV4cCI6bnVsbCwicHVyIjoiYmxvYl9pZCJ9fQ==--359458763e484d9494057d01d3c8edd16cd25919/khanbank%20a2-10..jpg	https://www.khanbank.com/personal/news/intelligence/7719/	422	520	2025-10-10T07:22:04+00:00	2025-10-23T04:18:03+00:00	2025-10-10	2025-10-23	9	33	C:\Scraper\banner_screenshots\2025-10-10\caak_1760080773_1_f46916e8.png	onpage	1	3	large,external_click	0e841d05e5671e2a
gogo.mn	gogo	gogo.mn:7a185efd0e106ac4	91666e1f6e6e6460	https://edge.boost.mn/67e3d390bbe407d318e482f1/creative_converted/53d875ae-f203-4559-b5e2-80c8f62f3a75/68e8b3a21ab3b74ec942173b_compressed.webp	https://gogo.mn	1100	483	2025-10-10T07:30:04+00:00	2025-10-13T08:30:47+00:00	2025-10-10	2025-10-13	2	9	C:\Scraper\banner_screenshots\2025-10-10\gogo_1760081327_26_740be652.png	onpage	1	4	large,ad_host/path	7a185efd0e106ac4
ikon.mn		ikon.mn:5267c798a79a6be2	95623867677c9899	https://content.ikon.mn/raw/2025/10/9/18289/1.1_Pop-up_976x350.jpg	https://www.facebook.com/gnextmongolia	976	349	2025-10-10T07:45:54+00:00	2025-10-10T07:56:14+00:00	2025-10-10	2025-10-10	1	2	C:\Scraper\banner_screenshots\2025-10-10\ikon_1760082316_1_3db16f02.png	classes=popupbanner tag=div	1	4	banner_note,large,external_click	5267c798a79a6be2
news.mn	mn	news.mn:0245adb550057182	b5e53a5a439b25e0	https://news.mn/wp-content/uploads/2025/10/dyson-bpo3-banner-1-1-250x156.jpg	https://news.mn/r/2827758/	249	155	2025-10-10T08:36:58+00:00	2025-10-10T10:16:55+00:00	2025-10-10	2025-10-10	1	9	C:\Scraper\banner_screenshots\2025-10-10\news_1760085318_18_0b213f87.png	onpage	1	5	large,ad_host/path,ad_word	0245adb550057182
lemonpress.mn	exchange	lemonpress.mn:c7d352af7d8bb41f	8000000000000000	https://exchange.boost.mn/ad/web/fdfc95aa-90ae-4871-a1b1-0428fdd37f0e	https://exchange.boost.mn/ad/web/fdfc95aa-90ae-4871-a1b1-0428fdd37f0e	1180	134	2025-10-10T09:18:10+00:00	2025-11-19T04:26:58+00:00	2025-10-10	2025-11-19	20	55	C:\Scraper\banner_screenshots\2025-10-10\lemonpress_1760087886_0_f3725195.png	iframe	1	9	iframe,large,ad_host/path,external_click,ad_word	c7d352af7d8bb41f
lemonpress.mn	exchange	lemonpress.mn:b488c52d5b129fce	d66939c63b72cc12	https://exchange.boost.mn/ad/web/0b4c7ee7-ef27-4cef-b10a-79eb0f307153	https://exchange.boost.mn/ad/web/0b4c7ee7-ef27-4cef-b10a-79eb0f307153	380	134	2025-10-10T09:18:10+00:00	2025-11-19T04:26:58+00:00	2025-10-10	2025-11-19	20	48	C:\Scraper\banner_screenshots\2025-10-10\lemonpress_1760087886_1_11f86d75.png	iframe	1	9	iframe,large,ad_host/path,external_click,ad_word	b488c52d5b129fce
lemonpress.mn	exchange	lemonpress.mn:81057ff09b71cdb1	c8bf4c441e1cdd0f	https://exchange.boost.mn/ad/web/ab348d23-3f49-4894-a4d5-d3f741b8e361	https://exchange.boost.mn/ad/web/ab348d23-3f49-4894-a4d5-d3f741b8e361	380	264	2025-10-10T09:18:10+00:00	2025-11-19T04:26:58+00:00	2025-10-10	2025-11-19	20	48	C:\Scraper\banner_screenshots\2025-10-10\lemonpress_1760087886_3_f6335426.png	iframe	1	9	iframe,large,ad_host/path,external_click,ad_word	81057ff09b71cdb1
lemonpress.mn	exchange	lemonpress.mn:60ac218e56bd1751	988f4dd05f9c2c63	https://exchange.boost.mn/ad/web/625702c6-8bde-4f7f-b3c3-5fc92c5f5f99	https://exchange.boost.mn/ad/web/625702c6-8bde-4f7f-b3c3-5fc92c5f5f99	380	499	2025-10-10T09:18:10+00:00	2025-11-19T04:26:59+00:00	2025-10-10	2025-11-19	20	48	C:\Scraper\banner_screenshots\2025-10-10\lemonpress_1760087886_4_50b5be95.png	iframe	1	9	iframe,large,ad_host/path,external_click,ad_word	60ac218e56bd1751
gogo.mn	gogo	gogo.mn:92abef522e0721ce	d2703a9b6b1e306b	https://exchange.boost.mn/ad/web/b2e2476b-0ff2-43df-8a08-38ba92630379?config=eyJvZmZzZXQiOjMsImFzcGVjdFJhdGlvIjoiYXV0byIsImxheW91dCI6ImNhcm91c2VsIiwibG9hZE1vZGUiOiJsYXp5IiwidmVydGljYWxTbGlkZXNUb1Nob3ciOjMsInNob3dJbmRpY2F0b3JEb3RzIjp0cnVlLCJzaG93RHluYW1pY1N0YXRlT25seSI6ZmFsc2UsInZpZXdwb3J0RnJhY3Rpb24iOjEsInNsaWRlU3BhY2luZyI6MCwic2xpZGVJbWdCb3JkZXJSYWRpdXMiOjAsImR5bmFtaWNTdGF0ZUR1cmF0aW9uIjo1LCJsYXp5TG9hZFNwaW5uZXJDb2xvciI6IiMxRDRCOEYiLCJpbmRpY2F0b3JEb3RTaXplIjo4LCJpbmRpY2F0b3JEb3RDb2xvciI6IiMxRDRCOEYiLCJlbmxhcmdlRmFjdG9yIjoxZS0xMCwiZW5sYXJnZUNlbnRlckl0ZW0iOnRydWUsInNob3dWaWRlb0NvbnRyb2xzIjp0cnVlLCJhdXRvc3RhcnQiOnRydWV9	https://gogo.mn	340	310	2025-10-10T09:47:42+00:00	2025-10-27T06:10:34+00:00	2025-10-10	2025-10-27	4	8	C:\Scraper\banner_screenshots\2025-10-10\gogo_1760089590_259_27bdb04b.png	iframe	1	7	iframe,large,ad_host/path,ad_word	92abef522e0721ce
lemonpress.mn	exchange	lemonpress.mn:737c01ab6dd71a69	d0a04e0ddbe8b19f	https://exchange.boost.mn/ad/web/0538cc0c-08dd-4b5e-8d1c-632ef1c3355d	https://exchange.boost.mn/ad/web/0538cc0c-08dd-4b5e-8d1c-632ef1c3355d	780	125	2025-10-10T09:47:52+00:00	2025-11-19T04:26:58+00:00	2025-10-10	2025-11-19	20	41	C:\Scraper\banner_screenshots\2025-10-10\lemonpress_1760089668_2_a8f35df3.png	iframe	1	9	iframe,large,ad_host/path,external_click,ad_word	737c01ab6dd71a69
bolor-toli.com	banner	bolor-toli.com:cd4b0b0e81a61fce	fdbd0202d34b0d37	https://banner.bolor.net/files/37/175928855113.jpg	https://banner.bolor.net/pub/jump?t=472fbe2449e91fb37c63355df8e357c2	1600	579	2025-10-10T10:07:39+00:00	2025-10-20T10:16:46+00:00	2025-10-10	2025-10-20	6	15	C:\Scraper\banner_screenshots\2025-10-10\bolortoli_1760090828_0_9ca83f2f.png	onpage	1	6	large,ad_host/path,external_click	cd4b0b0e81a61fce
bolor-toli.com	banner	bolor-toli.com:de436a94e0a1a200	bce093e49a986ce3	https://banner.bolor.net/files/37/175980747313.png	https://banner.bolor.net/pub/jump?t=a6285c5d1e1d47e519dc9bde294ce12b	1600	579	2025-10-10T10:07:39+00:00	2025-11-06T03:33:23+00:00	2025-10-10	2025-11-06	11	31	C:\Scraper\banner_screenshots\2025-10-10\bolortoli_1760090836_0_1837003e.png	onpage	1	6	large,ad_host/path,external_click	de436a94e0a1a200
bolor-toli.com	bolor	bolor-toli.com:e3422ad7b37048c5	d8279865b673329a	https://banner.bolor.net/files/37/176027585813.png	https://banner.bolor.net/pub/jump?t=deb76b39de55a70335c1cd582136748c	1600	579	2025-10-13T00:06:54+00:00	2025-10-23T04:14:52+00:00	2025-10-13	2025-10-23	7	15	C:\Scraper\banner_screenshots\2025-10-13\bolortoli_1760314005_0_36ff83dc.png	onpage	1	6	large,ad_host/path,external_click	e3422ad7b37048c5
ikon.mn	zangia	ikon.mn:c992908c21fb05c5	c43b4b37244d3b4b	https://content.ikon.mn/raw/2025/10/7/18272/IMG_2801.jpeg	https://www.zangia.mn/	1280	720	2025-10-13T03:39:57+00:00	2025-10-15T11:12:48+00:00	2025-10-13	2025-10-15	3	6	C:\Scraper\banner_screenshots\2025-10-13\ikon_1760326755_1_146d200e.png	from_ad_page:https://ikon.mn/ad/IKONMN_B1?1760326159	1	4	banner_note,large,external_click	c992908c21fb05c5
news.mn	news	news.mn:2ff43cad1a560ec4	b54a3642c8dd3735	https://news.mn/wp-content/uploads/2025/10/News.mn-banner--scaled.jpg	https://news.mn/#	970	142	2025-10-13T03:40:38+00:00	2025-10-27T06:08:49+00:00	2025-10-13	2025-10-27	9	22	C:\Scraper\banner_screenshots\2025-10-13\news_1760326750_5_3d36b27e.png	video_poster	1	7	large,std_size,ad_host/path,ad_word	2ff43cad1a560ec4
ikon.mn	zangia	ikon.mn:977cae25a73009aa	d0506ebf70e00f1f	https://content.ikon.mn/raw/2025/9/30/18261/560_400__2_.png	https://www.zangia.mn/	1280	720	2025-10-13T04:01:21+00:00	2025-10-27T02:25:15+00:00	2025-10-13	2025-10-27	7	12	C:\Scraper\banner_screenshots\2025-10-13\ikon_1760328045_1_142570a2.png	from_ad_page:https://ikon.mn/ad/IKONMN_B1?1760327963	1	4	banner_note,large,external_click	977cae25a73009aa
ikon.mn	zangia	ikon.mn:6426697ffcc38b36	87b073ed70521c5e	https://content.ikon.mn/raw/2025/10/6/18271/IMG_2795.jpeg	https://www.zangia.mn/	1280	720	2025-10-13T04:01:22+00:00	2025-10-23T04:14:10+00:00	2025-10-13	2025-10-23	7	14	C:\Scraper\banner_screenshots\2025-10-13\ikon_1760328055_2_b2132167.png	from_ad_page:https://ikon.mn/ad/IKONMN_B1?1760327963	1	4	banner_note,large,external_click	6426697ffcc38b36
ikon.mn	zero	ikon.mn:b1793c874cd78382	e7fd0ec2a5070707	https://content.ikon.mn/raw/2025/10/13/18295/ikon_1360.200.png	https://zero.mn/film/9344	1280	720	2025-10-13T08:29:54+00:00	2025-10-27T02:25:15+00:00	2025-10-13	2025-10-27	8	16	C:\UNITEL_Website\scraper\banner_screenshots\2025-10-13\ikon_1760344159_1_40750436.png	from_ad_page:https://ikon.mn/ad/IKONMN_A2?1760343706	1	4	banner_note,large,external_click	b1793c874cd78382
news.mn	news	news.mn:15ba23ff91679ac0	899d6f468c532c79	https://news.mn/wp-content/uploads/2025/10/News.mn-banner-1-1-250x156.jpg	https://news.mn/r/2828099/	249	155	2025-10-13T08:30:07+00:00	2025-10-13T08:30:07+00:00	2025-10-13	2025-10-13	1	1	C:\UNITEL_Website\scraper\banner_screenshots\2025-10-13\news_1760344153_10_40054faf.png	onpage	1	5	large,ad_host/path,ad_word	15ba23ff91679ac0
caak.mn	univision	caak.mn:5e287524e2493238	e86995d6ca6d441e	https://graph.caak.mn/rails/active_storage/blobs/redirect/eyJfcmFpbHMiOnsibWVzc2FnZSI6IkJBaHBBNnhkQlE9PSIsImV4cCI6bnVsbCwicHVyIjoiYmxvYl9pZCJ9fQ==--8b45fca71b3b8335e3a31eb643016f9f24a4c427/07.jpg	https://univision.mn/promotion/980	422	520	2025-10-14T02:43:14+00:00	2025-10-17T10:31:21+00:00	2025-10-14	2025-10-17	2	2	C:\UNITEL_Website\scraper\banner_screenshots\2025-10-14\caak_1760409633_1_4f5f05d1.png	onpage	1	3	large,external_click	5e287524e2493238
gogo.mn	gogo	gogo.mn:f04f3c7ccfafb1b3	89f76c34ce8f3124	https://edge.boost.mn/67e3d390bbe407d318e482f1/creative_converted/976d98c9-7e04-4d5a-a670-c993e6ed60a2/68c7c5c75354a679a0e142f5_compressed.webp	https://gogo.mn	1100	483	2025-10-15T11:13:45+00:00	2025-11-19T04:27:52+00:00	2025-10-15	2025-11-19	7	12	C:\UNITEL_Website\scraper\banner_screenshots\2025-10-15\gogo_1760526734_26_29dfac90.png	onpage	1	4	large,ad_host/path	f04f3c7ccfafb1b3
caak.mn	univision	caak.mn:df5489094e36a58f	f1fc8c13d68c7b80	https://graph.caak.mn/rails/active_storage/blobs/redirect/eyJfcmFpbHMiOnsibWVzc2FnZSI6IkJBaHBBNjVkQlE9PSIsImV4cCI6bnVsbCwicHVyIjoiYmxvYl9pZCJ9fQ==--a642daa4c27bb3488d58f7f5888858878a77eb95/06.jpg	https://univision.mn/promotion/980	422	520	2025-10-15T11:16:50+00:00	2025-10-20T09:56:02+00:00	2025-10-15	2025-10-20	2	2	C:\UNITEL_Website\scraper\banner_screenshots\2025-10-15\caak_1760527007_0_e5b05dac.png	onpage	1	3	large,external_click	df5489094e36a58f
ikon.mn	golomtbank	ikon.mn:4d5903a363935c3d	aa54a1e225da9dae	https://content.ikon.mn/raw/2025/10/16/18305/ikon_35.png	https://www.golomtbank.com/%D1%85%D0%B0%D0%B4%D0%B3%D0%B0%D0%BB%D0%B0%D0%BC%D0%B6%D1%82%D0%B0%D0%B9-%D0%B0%D1%8F%D0%BB%D0%B0%D0%BB-1-3	1280	720	2025-10-17T03:48:10+00:00	2025-10-21T09:53:37+00:00	2025-10-17	2025-10-21	3	6	C:\UNITEL_Website\scraper\banner_screenshots\2025-10-17\ikon_1760672876_1_769a9a75.png	from_ad_page:https://ikon.mn/ad/IKONMN_B1?1760672359	1	4	banner_note,large,external_click	4d5903a363935c3d
news.mn	news	news.mn:28a74045272680c6	bb2ebb4cb144d074	https://news.mn/wp-content/uploads/2025/10/FB-cover-banner-___-250x156.png	https://news.mn/r/2829024/	249	155	2025-10-17T03:48:24+00:00	2025-10-17T10:27:50+00:00	2025-10-17	2025-10-17	1	2	C:\UNITEL_Website\scraper\banner_screenshots\2025-10-17\news_1760672859_17_edbfa711.png	onpage	1	5	large,ad_host/path,ad_word	28a74045272680c6
news.mn	news	news.mn:fb0e955e5c7a2253	aa50b5ea95cb922d	https://news.mn/wp-content/uploads/2025/10/news-35th.png	https://news.mn/#	299	244	2025-10-17T03:48:24+00:00	2025-10-27T06:08:49+00:00	2025-10-17	2025-10-27	6	14	C:\UNITEL_Website\scraper\banner_screenshots\2025-10-17\news_1760672894_22_5adbd938.png	video_poster	1	4	large,std_size,ad_word	fb0e955e5c7a2253
caak.mn	unitel	caak.mn:4996deaf8098bedb	cb5af0eb0f0b9a60	https://graph.caak.mn/rails/active_storage/blobs/redirect/eyJfcmFpbHMiOnsibWVzc2FnZSI6IkJBaHBBMUJnQlE9PSIsImV4cCI6bnVsbCwicHVyIjoiYmxvYl9pZCJ9fQ==--372d47710d5424b22790ba532e79278cb8820a38/caak%201900x300.png	https://www.unitel.mn/unitel/promotion/987	1680	265	2025-10-17T03:52:12+00:00	2025-10-27T02:29:25+00:00	2025-10-17	2025-10-27	3	7	C:\UNITEL_Website\scraper\banner_screenshots\2025-10-17\caak_1760672947_0_8a26fc62.png	onpage	1	3	large,external_click	4996deaf8098bedb
ikon.mn		ikon.mn:d4bf9f33a653c56b	ed1ba4c90f49f039	https://content.ikon.mn/raw/2025/10/20/18319/IKON__7_.jpg		1280	720	2025-10-20T09:51:59+00:00	2025-10-23T04:14:09+00:00	2025-10-20	2025-10-23	4	11	C:\UNITEL_Website\scraper\banner_screenshots\2025-10-20\ikon_1760953891_1_e2e4ebb4.png	from_ad_page:https://ikon.mn/ad/IKONMN_A1?1760953329	0	2	banner_note,large	d4bf9f33a653c56b
gogo.mn	gogo	gogo.mn:f4737a338f314cbd	b3ee93b09622bc49	https://edge.boost.mn/67e3d390bbe407d318e482f1/creative_converted/f8bbae5a-2843-4494-b829-9c8bc67e8208/68f5a7daf10b6ad7a7cc6989_compressed.webp	https://gogo.mn	1100	483	2025-10-20T09:53:07+00:00	2025-10-23T02:58:49+00:00	2025-10-20	2025-10-23	4	5	C:\UNITEL_Website\scraper\banner_screenshots\2025-10-20\gogo_1760953886_26_f6d4453f.png	onpage	1	5	large,ad_host/path,ad_word	f4737a338f314cbd
caak.mn	Facebook	caak.mn:7bb051a42a88ee75	85f14a660385b37f	https://graph.caak.mn/rails/active_storage/blobs/redirect/eyJfcmFpbHMiOnsibWVzc2FnZSI6IkJBaHBBNlYyQlE9PSIsImV4cCI6bnVsbCwicHVyIjoiYmxvYl9pZCJ9fQ==--874b714b0d974c78d6bef3a81fa4e9e03f2251ac/looktv%20a1%2010%20sar.jpg	http://facebook.com/reel/2053151908835475	1680	265	2025-10-20T09:56:02+00:00	2025-10-23T04:18:03+00:00	2025-10-20	2025-10-23	2	3	C:\UNITEL_Website\scraper\banner_screenshots\2025-10-20\caak_1760953975_0_e49a87fd.png	onpage	1	3	large,external_click	7bb051a42a88ee75
bolor-toli.com	bolor	bolor-toli.com:7c511a8c737adced	8db86cc7b286391b	https://banner.bolor.net/files/37/176101706813.jpg	https://banner.bolor.net/pub/jump?t=b9619fe07489de6d9a73d897ec39856a	1600	579	2025-10-21T04:10:18+00:00	2025-11-19T04:21:44+00:00	2025-10-21	2025-11-19	15	25	C:\UNITEL_Website\Scraper\banner_screenshots\2025-10-21\bolortoli_1761019795_0_cc6f2fd0.png	onpage	1	6	large,ad_host/path,external_click	7c511a8c737adced
caak.mn	univision	caak.mn:3ec669acf524a00d	b229c50bb4720df7	https://graph.caak.mn/rails/active_storage/blobs/redirect/eyJfcmFpbHMiOnsibWVzc2FnZSI6IkJBaHBBN3BkQlE9PSIsImV4cCI6bnVsbCwicHVyIjoiYmxvYl9pZCJ9fQ==--139bc396ae2a75d431f6ae47a64b02430cb290f9/00.jpg	https://univision.mn/promotion/980	422	520	2025-10-21T04:13:26+00:00	2025-10-21T09:57:36+00:00	2025-10-21	2025-10-21	1	5	C:\UNITEL_Website\Scraper\banner_screenshots\2025-10-21\caak_1761019853_1_4e1feaa8.png	onpage	1	3	large,external_click	3ec669acf524a00d
ikon.mn	golomtbank	ikon.mn:2e8d4d57679320f0	aa55aac2f5ca9946	https://content.ikon.mn/raw/2025/10/22/18328/unnamed.png	https://www.golomtbank.com/%D1%85%D0%B0%D0%B4%D0%B3%D0%B0%D0%BB%D0%B0%D0%BC%D0%B6%D1%82%D0%B0%D0%B9-%D0%B0%D1%8F%D0%BB%D0%B0%D0%BB-1-3	1280	720	2025-10-22T08:08:04+00:00	2025-10-27T06:08:22+00:00	2025-10-22	2025-10-27	3	4	C:\UNITEL_Website\Scraper\banner_screenshots\2025-10-22\ikon_1761120477_2_ca2b2099.png	from_ad_page:https://ikon.mn/ad/IKONMN_B1?1761119875	1	4	banner_note,large,external_click	2e8d4d57679320f0
caak.mn	Facebook	caak.mn:048dda2f294929eb	85abafad915256d0	https://graph.caak.mn/rails/active_storage/blobs/redirect/eyJfcmFpbHMiOnsibWVzc2FnZSI6IkJBaHBBNnFQQlE9PSIsImV4cCI6bnVsbCwicHVyIjoiYmxvYl9pZCJ9fQ==--3769282f3690acf0f7fdfc7c98dabff730a3e50c/banner.jpg	https://www.facebook.com/reel/817306938137351	422	520	2025-10-27T02:29:25+00:00	2025-10-27T06:12:38+00:00	2025-10-27	2025-10-27	1	2	C:\UNITEL_Website\Scraper\banner_screenshots\2025-10-27\caak_1761532006_1_26a5d085.png	onpage	1	6	large,ad_host/path,external_click	048dda2f294929eb
ikon.mn	zangia	ikon.mn:5fba6778f4629444	c413e75b1463d936	https://content.ikon.mn/raw/2025/10/23/18329/1._Ikon_560x400.jpg	https://www.zangia.mn/	1280	720	2025-10-27T06:08:22+00:00	2025-10-27T06:08:22+00:00	2025-10-27	2025-10-27	1	1	C:\UNITEL_Website\Scraper\banner_screenshots\2025-10-27\ikon_1761545294_2_2df32304.png	from_ad_page:https://ikon.mn/ad/IKONMN_B1?1761544764	1	4	banner_note,large,external_click	5fba6778f4629444
caak.mn	khanbank	caak.mn:79506c8a7b4e35cf	fa45987bc218a7c3	https://graph.caak.mn/rails/active_storage/blobs/redirect/eyJfcmFpbHMiOnsibWVzc2FnZSI6IkJBaHBBeWFQQlE9PSIsImV4cCI6bnVsbCwicHVyIjoiYmxvYl9pZCJ9fQ==--bf6db297535f2a010896ac974ced3cda119e2573/khanbank%20a2%2010sars.jpg	https://www.khanbank.com/personal/news/intelligence/7775/	422	520	2025-10-27T06:12:38+00:00	2025-11-12T05:51:59+00:00	2025-10-27	2025-11-12	9	13	C:\UNITEL_Website\Scraper\banner_screenshots\2025-10-27\caak_1761545398_2_a0002d05.png	onpage	1	3	large,external_click	79506c8a7b4e35cf
ikon.mn	ly	ikon.mn:fc578be3dd4f1363	9a1fc64fcde1e180	https://content.ikon.mn/raw/2025/11/4/18379/560_400__1_.jpg	https://bit.ly/tdb-MA2025?fbclid=IwZXh0bgNhZW0CMTAAYnJpZBExZG02Z2xxQUxYR3RSUE5KTAEer-uqbDGwYkFvy8Q08Nj6UxoEgvj2_Q53jpCO5t2osfGSTgbLHZfATIf75-c_aem_xX-j49AXTAqDC-6lnrycwA	1280	720	2025-11-04T04:06:17+00:00	2025-11-18T03:07:07+00:00	2025-11-04	2025-11-18	11	17	C:\UNITEL_Website\Scraper\banner_screenshots\2025-11-04\ikon_1762229148_1_35f79b2d.png	from_ad_page:https://ikon.mn/ad/IKONMN_B1?1762228704	1	4	banner_note,large,external_click	fc578be3dd4f1363
ikon.mn	ly	ikon.mn:8d5f2e09b2e9a0a7	aa5235dfc91b3426	https://content.ikon.mn/raw/2025/10/30/18346/Ikon.mn_280x200__5__copy.png	https://bit.ly/tdb-MA2025?fbclid=IwZXh0bgNhZW0CMTAAYnJpZBExZG02Z2xxQUxYR3RSUE5KTAEer-uqbDGwYkFvy8Q08Nj6UxoEgvj2_Q53jpCO5t2osfGSTgbLHZfATIf75-c_aem_xX-j49AXTAqDC-6lnrycwA	1280	720	2025-11-04T04:06:17+00:00	2025-11-10T02:45:46+00:00	2025-11-04	2025-11-10	6	12	C:\UNITEL_Website\Scraper\banner_screenshots\2025-11-04\ikon_1762229157_2_2b8e99e4.png	from_ad_page:https://ikon.mn/ad/IKONMN_B1?1762228704	1	4	banner_note,large,external_click	8d5f2e09b2e9a0a7
news.mn	news	news.mn:d8026944c2779e6b	8d160b7872b51f5a	https://news.mn/wp-content/uploads/2025/10/IMG_6324-scaled.jpeg	https://news.mn/#	970	142	2025-11-04T04:07:00+00:00	2025-11-19T04:27:01+00:00	2025-11-04	2025-11-19	12	21	C:\UNITEL_Website\Scraper\banner_screenshots\2025-11-04\news_1762229141_5_167ecfe9.png	video_poster	1	4	large,std_size,ad_word	d8026944c2779e6b
news.mn	ly	news.mn:7393d0874cddab69	a85615cbc99335f2	https://news.mn/wp-content/uploads/2025/10/News.mn-300x245-1.png	https://bit.ly/tdb-MA2025?fbclid=IwZXh0bgNhZW0CMTAAYnJpZBExZG02Z2xxQUxYR3RSUE5KTAEer-uqbDGwYkFvy8Q08Nj6UxoEgvj2_Q53jpCO5t2osfGSTgbLHZfATIf75-c_aem_xX-j49AXTAqDC-6lnrycwA	299	243	2025-11-04T04:07:00+00:00	2025-11-19T04:27:01+00:00	2025-11-04	2025-11-19	12	21	C:\UNITEL_Website\Scraper\banner_screenshots\2025-11-04\news_1762229173_20_767f822f.png	video_poster	1	6	large,std_size,external_click,ad_word	7393d0874cddab69
bolor-toli.com	bolor	bolor-toli.com:d49b9d2e0f37a624	a7184f64644f4bb5	https://banner.bolor.net/files/37/176187722513.png	https://banner.bolor.net/pub/jump?t=d91f9cfe9003d2e218bb1ea8463b72ae	1600	579	2025-11-04T04:07:12+00:00	2025-11-19T04:26:44+00:00	2025-11-04	2025-11-19	8	17	C:\UNITEL_Website\Scraper\banner_screenshots\2025-11-04\bolortoli_1762229206_0_dc08ebf8.png	onpage	1	6	large,ad_host/path,external_click	d49b9d2e0f37a624
news.mn	golomtbank	news.mn:e8e2fdafca04c3a6	e531f03af213cf81	https://news.mn/wp-content/uploads/2025/11/300.jpg	https://www.golomtbank.com/news/50915	299	299	2025-11-05T10:39:59+00:00	2025-11-18T07:23:19+00:00	2025-11-05	2025-11-18	10	15	C:\UNITEL_Website\Scraper\banner_screenshots\2025-11-05\news_1762339164_12_63744233.png	video_poster	1	4	large,external_click,ad_word	e8e2fdafca04c3a6
ikon.mn		ikon.mn:f91e050f18a7295f	c593c645b833e94e	https://content.ikon.mn/raw/2025/11/7/18409/1360x200.jpg		1280	720	2025-11-08T13:28:18+00:00	2025-11-19T04:26:46+00:00	2025-11-08	2025-11-19	6	9	C:\UNITEL_Website\Scraper\banner_screenshots\2025-11-08\ikon_1762608471_1_79d16520.png	from_ad_page:https://ikon.mn/ad/IKONMN_A2?1762608431	0	2	banner_note,large	f91e050f18a7295f
caak.mn	looktv	caak.mn:b4f3a5f252426a89	c4b1c1e481fa3b6e	https://graph.caak.mn/rails/active_storage/blobs/redirect/eyJfcmFpbHMiOnsibWVzc2FnZSI6IkJBaHBBN05jQlE9PSIsImV4cCI6bnVsbCwicHVyIjoiYmxvYl9pZCJ9fQ==--bb454c51b42d9dd027e88c70bb0498f1520aa85c/caak.mn.jpg	https://looktv.mn/	422	520	2025-11-08T13:32:20+00:00	2025-11-09T10:22:50+00:00	2025-11-08	2025-11-09	2	3	C:\UNITEL_Website\Scraper\banner_screenshots\2025-11-08\caak_1762608737_0_bc800b17.png	onpage	1	3	large,external_click	b4f3a5f252426a89
bolor-toli.com	bolor	bolor-toli.com:7099de48e7edd248	c8e7740e2ff107a8	https://banner.bolor.net/files/37/176274226013.png	https://banner.bolor.net/pub/jump?t=eb8cb59a1bce5f6876df446e41dc5d77	1600	579	2025-11-10T02:46:39+00:00	2025-11-18T03:07:48+00:00	2025-11-10	2025-11-18	5	5	C:\UNITEL_Website\Scraper\banner_screenshots\2025-11-10\bolortoli_1762742783_0_1c65920c.png	onpage	1	6	large,ad_host/path,external_click	7099de48e7edd248
ikon.mn	Facebook	ikon.mn:8bca24ba6d61b47d	93573934d62a11eb	https://content.ikon.mn/raw/2025/11/10/18427/Sport_app_ikon_banner_1360x200.jpg	https://www.facebook.com/reel/4123467941205726	1280	720	2025-11-11T08:27:06+00:00	2025-11-11T08:27:06+00:00	2025-11-11	2025-11-11	1	1	C:\UNITEL_Website\Scraper\banner_screenshots\2025-11-11\ikon_1762849580_1_483b7664.png	from_ad_page:https://ikon.mn/ad/IKONMN_A1?1762849426	1	7	banner_note,large,ad_host/path,external_click	8bca24ba6d61b47d
ikon.mn	Facebook	ikon.mn:465ede745a5209fa	b952285cb5b63587	https://content.ikon.mn/raw/2025/11/11/18439/Sport_app_ikon_banner_1360x200_2.jpg	https://www.facebook.com/reel/4123467941205726	1280	720	2025-11-12T05:47:38+00:00	2025-11-19T04:26:46+00:00	2025-11-12	2025-11-19	5	8	C:\UNITEL_Website\Scraper\banner_screenshots\2025-11-12\ikon_1762926411_1_649361d9.png	from_ad_page:https://ikon.mn/ad/IKONMN_A1?1762925981	1	7	banner_note,large,ad_host/path,external_click	465ede745a5209fa
bolor-toli.com	bolor	bolor-toli.com:bca37bc086402a84	ed42928d919d927e	https://banner.bolor.net/files/37/176284355413.jpg	https://banner.bolor.net/pub/jump?t=b81c95dd8b367c381d8c29d6410e742e	1600	579	2025-11-12T05:48:35+00:00	2025-11-19T04:21:44+00:00	2025-11-12	2025-11-19	3	5	C:\UNITEL_Website\Scraper\banner_screenshots\2025-11-12\bolortoli_1762926459_0_4488d123.png	onpage	1	6	large,ad_host/path,external_click	bca37bc086402a84
bolor-toli.com	bolor	bolor-toli.com:2ea1f2676b44e737	b259b70e49463dca	https://banner.bolor.net/files/37/176292024913.jpg	https://banner.bolor.net/pub/jump?t=c047d3b2376c04dd8557f90dd9c9aa0b	1600	579	2025-11-12T05:48:35+00:00	2025-11-19T04:26:44+00:00	2025-11-12	2025-11-19	4	7	C:\UNITEL_Website\Scraper\banner_screenshots\2025-11-12\bolortoli_1762926498_0_fa84a932.png	onpage	1	6	large,ad_host/path,external_click	2ea1f2676b44e737
ikon.mn	golomtbank	ikon.mn:99dc3074b221eeaa	a931826e3d1aed65	https://content.ikon.mn/raw/2025/11/12/18446/IKON__2___1_.jpg	https://www.golomtbank.com/news/50915	1280	720	2025-11-14T03:51:18+00:00	2025-11-19T04:26:46+00:00	2025-11-14	2025-11-19	2	4	C:\UNITEL_Website\Scraper\banner_screenshots\2025-11-14\ikon_1763092254_2_77abb1bd.png	from_ad_page:https://ikon.mn/ad/IKONMN_B1?1763091632	1	4	banner_note,large,external_click	99dc3074b221eeaa
ikon.mn	urgoo	ikon.mn:2b48a0cc3b6f22eb	e9ea54c53d3612c9	https://content.ikon.mn/raw/2025/11/12/18443/Banner560x400.jpg	https://ticketing.urgoo.mn/movie/HO00001798	1280	720	2025-11-14T03:51:18+00:00	2025-11-19T04:26:47+00:00	2025-11-14	2025-11-19	3	6	C:\UNITEL_Website\Scraper\banner_screenshots\2025-11-14\ikon_1763092262_1_8943e5e1.png	from_ad_page:https://ikon.mn/ad/IKONMN_B2?1763091680	1	7	banner_note,large,ad_host/path,external_click	2b48a0cc3b6f22eb
bolor-toli.com	bolor	bolor-toli.com:dbd7048f4404f7e9	bb857f8be01b0364	https://banner.bolor.net/files/37/176291265613.jpg	https://banner.bolor.net/pub/jump?t=8dfb70bbb381ec62e7d15fc7f6b2366c	1600	579	2025-11-14T03:52:13+00:00	2025-11-19T04:26:44+00:00	2025-11-14	2025-11-19	4	6	C:\UNITEL_Website\Scraper\banner_screenshots\2025-11-14\bolortoli_1763092300_1_988754e7.png	onpage	1	6	large,ad_host/path,external_click	dbd7048f4404f7e9
caak.mn	khanbank	caak.mn:44db77f5e3059dc1	bb060c7197ed324e	https://graph.caak.mn/rails/active_storage/blobs/redirect/eyJfcmFpbHMiOnsibWVzc2FnZSI6IkJBaHBBOGNVQmc9PSIsImV4cCI6bnVsbCwicHVyIjoiYmxvYl9pZCJ9fQ==--6b41fbc802df36b903e5e8d2d6694183be0df913/caaak%20(2).jpg	https://www.khanbank.com/personal/news/intelligence/7820/	422	520	2025-11-14T03:55:33+00:00	2025-11-19T04:24:36+00:00	2025-11-14	2025-11-19	4	5	C:\UNITEL_Website\Scraper\banner_screenshots\2025-11-14\caak_1763092500_0_823be403.png	onpage	1	3	large,external_click	44db77f5e3059dc1
ikon.mn	golomtbank	ikon.mn:9202a9e6b535845d	cd53d26a1193adb4	https://content.ikon.mn/raw/2025/11/18/18454/HS_Ikom_560x400.jpg	https://www.golomtbank.com/news/50915	1280	720	2025-11-18T03:07:07+00:00	2025-11-19T04:26:47+00:00	2025-11-18	2025-11-19	2	4	C:\UNITEL_Website\Scraper\banner_screenshots\2025-11-18\ikon_1763435191_1_6d7e63d1.png	from_ad_page:https://ikon.mn/ad/IKONMN_B1?1763434770	1	4	banner_note,large,external_click	9202a9e6b535845d
gogo.mn	gogo	gogo.mn:64d3c145df94f496		https://exchange.boost.mn/ad/web/91a42947-672f-43a8-890c-a7798f3df1aa?config=eyJvZmZzZXQiOjAsImFzcGVjdFJhdGlvIjoiYXV0byIsImxheW91dCI6ImNhcm91c2VsIiwibG9hZE1vZGUiOiJsYXp5IiwidmVydGljYWxTbGlkZXNUb1Nob3ciOjMsInNob3dJbmRpY2F0b3JEb3RzIjp0cnVlLCJzaG93RHluYW1pY1N0YXRlT25seSI6dHJ1ZSwidmlld3BvcnRGcmFjdGlvbiI6MSwic2xpZGVTcGFjaW5nIjowLCJzbGlkZUltZ0JvcmRlclJhZGl1cyI6MCwiZHluYW1pY1N0YXRlRHVyYXRpb24iOjUsImxhenlMb2FkU3Bpbm5lckNvbG9yIjoiIzFENEI4RiIsImluZGljYXRvckRvdFNpemUiOjgsImluZGljYXRvckRvdENvbG9yIjoiIzFENEI4RiIsImVubGFyZ2VGYWN0b3IiOjFlLTEwLCJlbmxhcmdlQ2VudGVySXRlbSI6dHJ1ZSwic2hvd1ZpZGVvQ29udHJvbHMiOnRydWUsImF1dG9zdGFydCI6dHJ1ZX0=	https://gogo.mn	542	385	2025-11-18T03:09:18+00:00	2025-11-18T03:09:18+00:00	2025-11-18	2025-11-18	1	1		onpage	1	5	large,ad_host/path,ad_word	64d3c145df94f496
gogo.mn	gogo	gogo.mn:6ceed5de523f6fc9	90266c1bed0bda2f	https://edge.boost.mn/67e3d390bbe407d318e482f1/creative_converted/2acc894a-df45-4ffe-b804-edf2ae062bc9/691bce901976241e29849a8c_compressed.webp	https://gogo.mn	1100	483	2025-11-18T03:09:18+00:00	2025-11-18T07:24:03+00:00	2025-11-18	2025-11-18	1	2	C:\UNITEL_Website\Scraper\banner_screenshots\2025-11-18\gogo_1763435203_26_9f9663b7.png	onpage	1	4	large,ad_host/path	6ceed5de523f6fc9
ikon.mn	ly	ikon.mn:4b67d4afa16d9a28	dd5b48699668b6c2	https://content.ikon.mn/raw/2025/11/18/18456/560400.jpg	https://bit.ly/KB-11-11	1280	720	2025-11-18T07:23:18+00:00	2025-11-19T04:21:17+00:00	2025-11-18	2025-11-19	2	2	C:\UNITEL_Website\Scraper\banner_screenshots\2025-11-18\ikon_1763450571_2_26cd4c0c.png	from_ad_page:https://ikon.mn/ad/IKONMN_B1?1763450391	1	4	banner_note,large,external_click	4b67d4afa16d9a28
news.mn	news	news.mn:f3c14cfdab334d7d	d559d26a699a92a9	https://news.mn/wp-content/uploads/2025/11/HS-News.jpg	https://news.mn/#	299	244	2025-11-18T07:23:19+00:00	2025-11-19T04:27:01+00:00	2025-11-18	2025-11-19	2	4	C:\UNITEL_Website\Scraper\banner_screenshots\2025-11-18\news_1763450557_63_09be910d.png	video_poster	1	4	large,std_size,ad_word	f3c14cfdab334d7d
caak.mn	golomtbank	caak.mn:d62dc6a111690de2	d2b4cb4b964b7434	https://graph.caak.mn/rails/active_storage/blobs/redirect/eyJfcmFpbHMiOnsibWVzc2FnZSI6IkJBaHBBeDQxQmc9PSIsImV4cCI6bnVsbCwicHVyIjoiYmxvYl9pZCJ9fQ==--bc42839e06e5ce28e0bc86d042eec6d06ab6a54b/1900300.jpg	https://www.golomtbank.com/news/51056	1680	265	2025-11-18T07:28:00+00:00	2025-11-19T04:24:36+00:00	2025-11-18	2025-11-19	2	2	C:\UNITEL_Website\Scraper\banner_screenshots\2025-11-18\caak_1763450635_0_117479c3.png	onpage	1	3	large,external_click	d62dc6a111690de2
bolor-toli.com	bolor	bolor-toli.com:5e750255d3297b07	c1c12f1e3c721f0f	https://banner.bolor.net/files/37/176352124213.png	https://banner.bolor.net/pub/jump?t=09555e1abf5a5da7f753930a420218a5	1600	579	2025-11-19T04:26:44+00:00	2025-11-19T04:26:44+00:00	2025-11-19	2025-11-19	1	1	C:\Scraper\banner_screenshots\2025-11-19\bolortoli_1763526375_0_2f23e314.png	onpage	1	6	large,ad_host/path,external_click	5e750255d3297b07
